player_id,session_start,session_end,device,game_type,deposit_amount,bet_amount,win_amount,promo_code
P0000,2025-09-07 11:09:00,2025-09-07 11:26:09.572317,Tablet,Slot,0.0,335.5,285.18,
P0001,2025-09-04 21:03:00,2025-09-04 21:49:28.231618,Computer,Slot,0.0,373.1,328.85,BONUS20
P0002,2025-09-05 23:35:00,2025-09-06 00:27:07.473349,Computer,Blackjack,0.0,282.78,254.74,WELCOME100
P0003,2025-09-06 16:29:00,2025-09-06 17:27:04.755159,Smartphone,Poker,75.7,343.41,311.29,WELCOME100
P0004,2025-09-07 00:45:00,2025-09-07 00:45:12.608114,Smartphone,Blackjack,21.51,237.86,196.56,WELCOME100
P0005,2025-09-05 09:41:00,2025-09-05 10:10:35.376576,Computer,Poker,23.38,40.7,36.71,WELCOME100
P0006,2025-09-04 06:07:00,2025-09-04 07:05:36.775005,Computer,Poker,0.0,282.03,225.82,
P0007,2025-09-01 07:02:00,2025-09-01 07:49:55.118668,Computer,Slot,0.0,369.0,405.43,
P0008,2025-09-01 13:46:00,2025-09-01 15:01:33.212580,Smartphone,Blackjack,2.19,350.18,298.98,FREESPINS
P0009,2025-09-02 14:35:00,2025-09-02 15:46:27.175441,Computer,Slot,0.0,10.49,8.69,WELCOME100
P0010,2025-09-05 08:56:00,2025-09-05 09:57:25.599665,Smartphone,Roulette,6.14,250.17,227.69,
P0011,2025-09-03 09:52:00,2025-09-03 10:05:54.418379,Smartphone,Poker,0.0,207.25,232.47,WELCOME100
P0012,2025-09-03 17:07:00,2025-09-03 18:15:08.358579,Computer,Roulette,59.22,119.98,132.49,WELCOME100
P0013,2025-09-07 17:26:00,2025-09-07 17:22:52.391373,Tablet,Blackjack,0.0,262.48,282.84,
P0014,2025-09-04 21:52:00,2025-09-04 23:05:00.083103,Smartphone,Poker,115.26,49.59,47.23,BONUS20
P0015,2025-09-08 21:59:00,2025-09-08 22:32:43.399770,Computer,Roulette,0.0,69.74,57.99,WELCOME100
P0016,2025-09-02 21:24:00,2025-09-02 22:08:41.853169,Computer,Roulette,17.6,248.16,195.34,BONUS20
P0017,2025-09-02 13:48:00,2025-09-02 14:59:26.268860,Tablet,Roulette,0.0,366.38,361.44,
P0018,2025-09-04 12:18:00,2025-09-04 12:50:28.014620,Computer,Roulette,0.0,478.45,455.93,WELCOME100
P0019,2025-09-06 21:09:00,2025-09-06 21:43:05.207047,Computer,Roulette,5.12,218.13,167.31,WELCOME100
P0020,2025-09-07 13:53:00,2025-09-07 14:52:33.042841,Computer,Poker,0.0,302.92,228.82,WELCOME100
P0021,2025-09-07 23:16:00,2025-09-08 00:07:42.120005,Tablet,Slot,0.0,441.28,474.28,BONUS20
P0022,2025-09-07 19:58:00,2025-09-07 20:38:39.652660,Computer,Slot,20.5,69.08,65.4,
P0023,2025-09-01 01:06:00,2025-09-01 01:58:43.997185,Tablet,Roulette,23.34,242.73,221.97,WELCOME100
P0024,2025-09-03 16:23:00,2025-09-03 16:50:36.010299,Smartphone,Roulette,17.51,88.84,97.46,WELCOME100
P0025,2025-09-04 03:45:00,2025-09-04 04:36:55.700027,Computer,Poker,19.51,236.56,196.5,
P0026,2025-09-03 06:17:00,2025-09-03 07:11:45.975644,Computer,Roulette,244.13,427.92,371.57,
P0027,2025-09-04 21:32:00,2025-09-04 21:54:04.555691,Smartphone,Roulette,351.26,445.56,457.26,BONUS20
P0028,2025-09-07 14:14:00,2025-09-07 14:29:03.435306,Smartphone,Poker,5.97,490.49,435.59,
P0029,2025-09-08 20:53:00,2025-09-08 21:38:27.662943,Tablet,Poker,0.0,252.89,231.33,BONUS20
P0030,2025-09-03 17:52:00,2025-09-03 18:41:20.191238,Computer,Slot,0.0,110.82,99.01,
P0031,2025-09-05 20:06:00,2025-09-05 21:35:55.707790,Computer,Blackjack,0.0,454.4,362.42,
P0032,2025-09-06 10:02:00,2025-09-06 10:05:06.749586,Smartphone,Slot,233.22,114.23,102.72,
P0033,2025-09-02 02:47:00,2025-09-02 03:19:45.448993,Smartphone,Slot,113.48,294.94,324.65,WELCOME100
P0034,2025-09-03 12:58:00,2025-09-03 13:48:21.924463,Tablet,Slot,31.65,464.68,472.74,BONUS20
P0035,2025-09-02 06:49:00,2025-09-02 07:55:39.591094,Smartphone,Slot,59.93,298.09,305.24,WELCOME100
P0036,2025-09-05 10:35:00,2025-09-05 11:14:16.298909,Computer,Blackjack,0.0,266.58,301.03,
P0037,2025-09-08 15:25:00,2025-09-08 15:52:36.771922,Smartphone,Poker,6.6,321.4,360.72,WELCOME100
P0038,2025-09-02 19:33:00,2025-09-02 20:41:57.505765,Computer,Slot,0.0,392.2,382.26,
P0039,2025-09-03 02:54:00,2025-09-03 03:51:39.642494,Computer,Slot,0.0,312.79,299.84,
P0040,2025-09-02 10:23:00,2025-09-02 10:51:24.619176,Computer,Slot,68.18,434.34,362.97,BONUS20
P0041,2025-09-03 10:51:00,2025-09-03 11:15:36.779799,Computer,Poker,61.62,188.93,152.73,
P0042,2025-09-07 16:41:00,2025-09-07 16:46:22.943692,Computer,Slot,0.0,132.9,116.1,FREESPINS
P0043,2025-09-05 22:31:00,2025-09-05 22:53:59.645345,Smartphone,Blackjack,205.79,385.99,387.84,BONUS20
P0044,2025-09-08 18:40:00,2025-09-08 19:35:04.540577,Computer,Slot,9.96,388.56,389.45,WELCOME100
P0045,2025-09-04 09:19:00,2025-09-04 09:33:29.629532,Computer,Poker,0.0,280.66,272.05,BONUS20
P0046,2025-09-07 13:23:00,2025-09-07 13:43:53.019280,Smartphone,Slot,55.36,338.22,375.75,FREESPINS
P0047,2025-09-03 11:35:00,2025-09-03 12:15:13.786381,Smartphone,Poker,83.57,163.87,142.9,WELCOME100
P0048,2025-09-02 11:17:00,2025-09-02 11:35:27.416618,Tablet,Blackjack,0.0,41.95,47.27,WELCOME100
P0049,2025-09-01 01:12:00,2025-09-01 01:34:07.956052,Smartphone,Roulette,0.0,131.92,132.18,BONUS20
P0050,2025-09-01 14:22:00,2025-09-01 14:57:28.775861,Smartphone,Slot,0.0,259.17,206.35,WELCOME100
P0051,2025-09-01 06:24:00,2025-09-01 07:29:14.533691,Computer,Slot,0.0,435.81,339.49,WELCOME100
P0052,2025-09-03 17:55:00,2025-09-03 18:12:07.415851,Computer,Slot,30.1,50.55,43.73,BONUS20
P0053,2025-09-03 05:11:00,2025-09-03 05:25:04.614839,Smartphone,Roulette,300.34,25.34,28.67,WELCOME100
P0054,2025-09-07 01:04:00,2025-09-07 01:44:43.896494,Computer,Blackjack,173.12,271.0,282.77,
P0055,2025-09-04 12:16:00,2025-09-04 12:54:52.857251,Computer,Poker,200.14,196.2,202.39,WELCOME100
P0056,2025-09-06 22:16:00,2025-09-06 22:28:36.341057,Tablet,Slot,34.25,151.95,144.27,WELCOME100
P0057,2025-09-04 22:47:00,2025-09-05 00:04:55.378233,Computer,Slot,18.0,338.89,306.37,WELCOME100
P0058,2025-09-07 03:33:00,2025-09-07 03:30:55.924337,Smartphone,Slot,21.28,311.59,348.02,WELCOME100
P0059,2025-09-01 04:43:00,2025-09-01 05:51:19.311766,Tablet,Slot,154.27,151.17,141.8,
P0060,2025-09-07 02:33:00,2025-09-07 03:19:42.354069,Computer,Slot,0.0,449.28,450.23,WELCOME100
P0061,2025-09-02 06:44:00,2025-09-02 07:39:57.388564,Smartphone,Blackjack,120.38,177.68,171.55,
P0062,2025-09-06 21:20:00,2025-09-06 21:45:20.506581,Computer,Slot,29.39,310.62,234.07,
P0063,2025-09-08 07:19:00,2025-09-08 08:01:44.765342,Tablet,Slot,57.36,284.15,230.15,BONUS20
P0064,2025-09-02 10:31:00,2025-09-02 10:44:55.228040,Computer,Poker,0.0,237.47,201.23,
P0065,2025-09-03 03:14:00,2025-09-03 04:11:09.802976,Smartphone,Slot,0.0,228.28,255.78,WELCOME100
P0066,2025-09-03 12:12:00,2025-09-03 12:20:47.649320,Smartphone,Roulette,103.99,118.42,121.61,WELCOME100
P0067,2025-09-06 23:40:00,2025-09-07 00:18:03.396214,Tablet,Poker,0.0,396.19,341.35,WELCOME100
P0068,2025-09-03 06:46:00,2025-09-03 07:33:17.832997,Computer,Slot,0.0,164.99,160.57,WELCOME100
P0069,2025-09-04 03:41:00,2025-09-04 04:17:51.306533,Smartphone,Poker,112.01,313.58,339.73,BONUS20
P0070,2025-09-02 01:10:00,2025-09-02 01:09:06.681769,Computer,Poker,34.16,373.34,418.22,WELCOME100
P0071,2025-09-04 04:11:00,2025-09-04 04:40:20.606048,Smartphone,Poker,65.75,160.47,149.91,WELCOME100
P0072,2025-09-08 14:32:00,2025-09-08 15:24:41.605902,Computer,Roulette,46.37,158.12,158.24,
P0073,2025-09-05 14:40:00,2025-09-05 15:30:55.932803,Computer,Slot,235.35,38.43,44.13,BONUS20
P0074,2025-09-02 18:05:00,2025-09-02 18:32:28.006512,Smartphone,Roulette,42.13,406.95,422.51,BONUS20
P0075,2025-09-04 09:21:00,2025-09-04 09:58:08.342738,Tablet,Slot,81.97,156.97,135.71,
P0076,2025-09-07 07:38:00,2025-09-07 08:11:44.172843,Smartphone,Slot,56.33,179.22,169.16,
P0077,2025-09-02 07:38:00,2025-09-02 08:14:10.940242,Tablet,Slot,130.64,251.17,201.98,
P0078,2025-09-04 19:20:00,2025-09-04 19:48:52.765501,Computer,Poker,181.67,268.94,203.83,FREESPINS
P0079,2025-09-04 04:36:00,2025-09-04 05:13:22.220877,Computer,Roulette,284.22,499.3,540.84,FREESPINS
P0080,2025-09-07 16:02:00,2025-09-07 16:36:41.317995,Computer,Slot,77.26,58.6,65.59,BONUS20
P0081,2025-09-08 08:32:00,2025-09-08 08:38:08.537317,Computer,Roulette,336.87,166.99,154.79,BONUS20
P0082,2025-09-06 14:41:00,2025-09-06 15:00:05.503745,Computer,Poker,0.0,320.42,322.97,
P0083,2025-09-08 01:02:00,2025-09-08 01:38:10.409163,Tablet,Slot,0.0,330.08,265.78,WELCOME100
P0084,2025-09-05 09:55:00,2025-09-05 10:11:20.001680,Computer,Poker,5.87,212.21,195.07,WELCOME100
P0085,2025-09-05 07:05:00,2025-09-05 07:01:40.337434,Computer,Slot,0.0,364.62,396.38,WELCOME100
P0086,2025-09-04 17:43:00,2025-09-04 17:54:23.085387,Tablet,Slot,0.0,304.5,293.81,
P0087,2025-09-07 17:42:00,2025-09-07 18:10:50.371877,Smartphone,Slot,98.55,243.64,236.86,
P0088,2025-09-01 05:31:00,2025-09-01 06:18:24.106862,Smartphone,Slot,75.24,92.78,75.11,
P0089,2025-09-07 18:18:00,2025-09-07 18:54:20.127047,Smartphone,Slot,384.18,423.24,449.9,WELCOME100
P0090,2025-09-06 08:37:00,2025-09-06 09:09:14.600027,Smartphone,Roulette,0.0,381.53,400.14,BONUS20
P0091,2025-09-06 22:28:00,2025-09-06 22:47:43.131260,Smartphone,Roulette,109.11,65.83,69.23,WELCOME100
P0092,2025-09-03 13:11:00,2025-09-03 14:10:37.520202,Smartphone,Blackjack,0.0,417.33,416.91,WELCOME100
P0093,2025-09-07 07:14:00,2025-09-07 07:17:08.036806,Tablet,Poker,93.5,323.87,304.5,
P0094,2025-09-07 16:15:00,2025-09-07 16:41:25.751811,Computer,Slot,0.0,63.99,73.33,BONUS20
P0095,2025-09-05 19:45:00,2025-09-05 20:05:11.979846,Tablet,Roulette,7.58,198.63,181.26,
P0096,2025-09-06 01:56:00,2025-09-06 02:36:06.369058,Smartphone,Slot,19.55,36.39,35.85,
P0097,2025-09-04 13:42:00,2025-09-04 14:14:21.462723,Smartphone,Slot,0.0,319.06,250.13,
P0098,2025-09-02 02:07:00,2025-09-02 02:30:39.213943,Smartphone,Slot,24.89,399.28,445.78,BONUS20
P0099,2025-09-02 06:13:00,2025-09-02 07:08:48.828047,Smartphone,Roulette,0.0,213.16,159.88,
P0100,2025-09-08 22:07:00,2025-09-08 22:07:10.211256,Computer,Poker,0.0,277.59,291.92,BONUS20
P0101,2025-09-06 23:04:00,2025-09-06 23:44:50.917928,Smartphone,Poker,0.0,312.73,330.48,
P0102,2025-09-02 17:29:00,2025-09-02 18:30:33.427620,Smartphone,Slot,0.0,267.98,245.74,
P0103,2025-09-08 08:14:00,2025-09-08 08:50:05.619434,Computer,Roulette,136.81,133.43,142.32,
P0104,2025-09-06 10:33:00,2025-09-06 10:36:40.170800,Tablet,Roulette,0.0,242.06,194.46,WELCOME100
P0105,2025-09-05 14:32:00,2025-09-05 15:02:56.743479,Computer,Blackjack,28.66,405.69,361.77,
P0106,2025-09-03 20:29:00,2025-09-03 22:10:41.516832,Tablet,Poker,0.0,244.71,265.8,
P0107,2025-09-06 01:36:00,2025-09-06 01:42:47.095896,Smartphone,Poker,0.0,72.2,70.05,BONUS20
P0108,2025-09-06 16:42:00,2025-09-06 17:12:41.847518,Smartphone,Blackjack,0.0,466.39,364.41,BONUS20
P0109,2025-09-08 17:20:00,2025-09-08 18:27:12.576838,Tablet,Roulette,0.0,442.62,487.38,WELCOME100
P0110,2025-09-03 15:12:00,2025-09-03 16:17:17.076219,Computer,Slot,0.0,339.83,257.19,WELCOME100
P0111,2025-09-08 16:13:00,2025-09-08 16:36:16.788347,Tablet,Blackjack,44.48,36.3,36.0,BONUS20
P0112,2025-09-06 17:30:00,2025-09-06 18:12:40.672123,Smartphone,Blackjack,131.85,345.44,380.01,
P0113,2025-09-03 10:59:00,2025-09-03 12:17:55.151230,Computer,Slot,70.16,343.69,347.4,
P0114,2025-09-05 09:28:00,2025-09-05 10:11:41.312563,Computer,Blackjack,101.79,267.42,259.68,WELCOME100
P0115,2025-09-06 06:04:00,2025-09-06 06:53:22.448370,Computer,Roulette,189.15,278.47,254.3,FREESPINS
P0116,2025-09-01 06:17:00,2025-09-01 06:49:38.377033,Computer,Slot,0.0,339.37,341.55,BONUS20
P0117,2025-09-08 22:32:00,2025-09-08 22:48:56.456269,Tablet,Blackjack,96.55,424.79,420.07,
P0118,2025-09-07 05:20:00,2025-09-07 05:26:06.946513,Computer,Poker,77.57,75.22,62.71,FREESPINS
P0119,2025-09-01 03:10:00,2025-09-01 04:01:19.855919,Smartphone,Blackjack,52.02,26.4,26.64,BONUS20
P0120,2025-09-01 08:09:00,2025-09-01 08:55:49.506337,Smartphone,Roulette,39.03,256.58,233.19,BONUS20
P0121,2025-09-01 17:46:00,2025-09-01 18:02:29.545938,Computer,Slot,39.71,303.56,296.03,
P0122,2025-09-08 13:40:00,2025-09-08 14:00:06.362215,Smartphone,Slot,0.0,287.29,304.33,
P0123,2025-09-01 05:08:00,2025-09-01 06:03:22.213009,Computer,Slot,148.78,139.23,136.81,
P0124,2025-09-04 06:42:00,2025-09-04 07:28:45.430857,Computer,Slot,0.0,49.57,40.15,WELCOME100
P0125,2025-09-02 13:14:00,2025-09-02 14:11:03.256523,Smartphone,Slot,31.44,270.54,217.72,
P0126,2025-09-01 16:34:00,2025-09-01 17:05:22.566777,Smartphone,Slot,72.84,465.54,437.56,
P0127,2025-09-08 19:30:00,2025-09-08 20:06:53.395455,Smartphone,Roulette,52.07,154.31,131.74,
P0128,2025-09-06 03:27:00,2025-09-06 03:51:06.077950,Computer,Roulette,64.24,371.05,417.74,WELCOME100
P0129,2025-09-03 17:42:00,2025-09-03 18:31:14.725426,Smartphone,Slot,82.5,238.49,249.3,
P0130,2025-09-08 11:38:00,2025-09-08 12:45:04.537498,Tablet,Roulette,106.26,453.48,396.92,BONUS20
P0131,2025-09-01 22:23:00,2025-09-01 22:56:57.214909,Tablet,Roulette,97.98,54.06,43.49,WELCOME100
P0132,2025-09-05 15:28:00,2025-09-05 16:16:16.537491,Computer,Slot,0.0,465.34,485.53,
P0133,2025-09-07 07:24:00,2025-09-07 08:29:50.619394,Smartphone,Slot,16.06,265.72,235.41,
P0134,2025-09-08 05:26:00,2025-09-08 05:28:11.547634,Smartphone,Roulette,30.35,474.42,436.46,
P0135,2025-09-03 18:59:00,2025-09-03 19:55:57.483625,Computer,Slot,33.73,218.24,247.62,
P0136,2025-09-04 14:50:00,2025-09-04 14:58:52.879734,Computer,Poker,0.0,202.49,163.55,WELCOME100
P0137,2025-09-03 08:41:00,2025-09-03 09:21:06.626824,Smartphone,Poker,38.23,115.22,93.14,WELCOME100
P0138,2025-09-06 16:19:00,2025-09-06 17:04:45.594482,Smartphone,Slot,82.44,477.95,540.0,FREESPINS
P0139,2025-09-02 05:38:00,2025-09-02 06:28:18.797548,Computer,Roulette,284.14,314.41,260.24,WELCOME100
P0140,2025-09-03 03:32:00,2025-09-03 03:42:15.432049,Tablet,Roulette,0.0,499.34,430.32,WELCOME100
P0141,2025-09-08 05:19:00,2025-09-08 06:18:18.901058,Computer,Slot,0.0,62.16,66.42,
P0142,2025-09-06 17:50:00,2025-09-06 18:16:47.379176,Computer,Slot,80.8,73.88,76.46,BONUS20
P0143,2025-09-07 22:35:00,2025-09-07 22:45:58.454404,Smartphone,Slot,0.0,240.67,241.53,BONUS20
P0144,2025-09-05 05:21:00,2025-09-05 06:01:35.211311,Computer,Roulette,0.0,69.7,57.32,WELCOME100
P0145,2025-09-04 22:48:00,2025-09-05 00:11:19.343517,Computer,Roulette,214.19,288.14,233.54,BONUS20
P0146,2025-09-08 20:20:00,2025-09-08 20:10:39.752644,Smartphone,Blackjack,97.82,29.63,24.36,WELCOME100
P0147,2025-09-07 11:14:00,2025-09-07 12:12:40.678406,Computer,Roulette,0.0,304.39,338.65,BONUS20
P0148,2025-09-07 11:24:00,2025-09-07 11:48:21.654980,Computer,Slot,0.0,368.83,305.54,
P0149,2025-09-03 16:34:00,2025-09-03 17:03:02.515151,Computer,Slot,0.0,342.64,370.38,
P0150,2025-09-08 23:41:00,2025-09-09 00:30:36.103832,Tablet,Roulette,0.0,387.57,363.3,WELCOME100
P0151,2025-09-03 09:19:00,2025-09-03 10:12:23.071809,Smartphone,Poker,270.34,481.63,526.8,BONUS20
P0152,2025-09-08 16:37:00,2025-09-08 16:48:02.838701,Smartphone,Slot,21.83,352.79,269.76,
P0153,2025-09-05 10:07:00,2025-09-05 11:04:27.663222,Tablet,Blackjack,37.49,396.88,391.94,BONUS20
P0154,2025-09-06 10:56:00,2025-09-06 11:23:18.645293,Computer,Slot,0.0,157.51,173.71,
P0155,2025-09-01 02:00:00,2025-09-01 02:38:15.603004,Computer,Slot,138.64,223.34,254.01,BONUS20
P0156,2025-09-06 14:38:00,2025-09-06 15:46:56.510691,Tablet,Slot,33.26,320.89,255.64,WELCOME100
P0157,2025-09-02 02:43:00,2025-09-02 03:44:40.972925,Smartphone,Poker,39.39,324.52,249.87,
P0158,2025-09-06 13:19:00,2025-09-06 14:10:24.326709,Smartphone,Poker,194.39,335.04,313.68,
P0159,2025-09-08 05:22:00,2025-09-08 06:15:27.396160,Computer,Slot,0.0,46.56,46.21,
P0160,2025-09-07 18:40:00,2025-09-07 19:07:31.728871,Tablet,Slot,0.0,225.13,210.89,WELCOME100
P0161,2025-09-05 18:13:00,2025-09-05 18:36:02.659741,Smartphone,Roulette,0.0,351.01,397.95,FREESPINS
P0162,2025-09-04 08:45:00,2025-09-04 08:40:48.675301,Smartphone,Roulette,0.0,93.53,102.45,
P0163,2025-09-07 19:48:00,2025-09-07 20:25:57.873785,Computer,Slot,20.72,343.94,301.05,BONUS20
P0164,2025-09-05 19:25:00,2025-09-05 20:40:30.480422,Computer,Roulette,85.58,405.49,382.42,
P0165,2025-09-04 04:16:00,2025-09-04 05:17:57.443501,Smartphone,Slot,0.0,130.9,145.4,BONUS20
P0166,2025-09-01 02:48:00,2025-09-01 03:46:23.859711,Smartphone,Slot,0.0,493.63,499.47,BONUS20
P0167,2025-09-04 12:41:00,2025-09-04 13:24:39.334969,Computer,Slot,0.0,482.69,393.7,BONUS20
P0168,2025-09-06 06:44:00,2025-09-06 06:51:40.850432,Tablet,Slot,59.88,141.72,161.57,WELCOME100
P0169,2025-09-03 06:07:00,2025-09-03 06:44:56.323956,Computer,Roulette,64.85,117.7,90.1,
P0170,2025-09-06 20:29:00,2025-09-06 20:57:15.699064,Smartphone,Slot,132.47,80.39,85.03,BONUS20
P0171,2025-09-01 07:23:00,2025-09-01 08:16:05.940603,Computer,Poker,0.0,100.85,90.81,WELCOME100
P0172,2025-09-08 17:54:00,2025-09-08 18:30:06.610029,Computer,Poker,323.61,136.39,111.14,
P0173,2025-09-08 16:22:00,2025-09-08 17:03:05.433555,Smartphone,Roulette,66.09,395.51,350.03,FREESPINS
P0174,2025-09-08 17:27:00,2025-09-08 18:00:34.462646,Computer,Roulette,0.0,138.9,114.61,
P0175,2025-09-03 10:35:00,2025-09-03 10:31:05.446791,Computer,Roulette,0.0,141.18,127.62,BONUS20
P0176,2025-09-05 08:01:00,2025-09-05 08:30:02.702417,Smartphone,Slot,134.69,100.82,109.52,WELCOME100
P0177,2025-09-07 05:13:00,2025-09-07 05:55:59.982287,Computer,Roulette,91.45,420.54,480.29,WELCOME100
P0178,2025-09-03 01:04:00,2025-09-03 00:59:42.338047,Smartphone,Slot,30.14,28.93,24.14,
P0179,2025-09-07 14:17:00,2025-09-07 14:46:40.847161,Tablet,Blackjack,25.14,59.46,58.11,
P0180,2025-09-07 15:10:00,2025-09-07 15:24:49.297385,Smartphone,Slot,0.0,249.59,233.4,BONUS20
P0181,2025-09-08 04:06:00,2025-09-08 04:12:05.097623,Smartphone,Slot,0.0,229.64,241.96,BONUS20
P0182,2025-09-05 01:14:00,2025-09-05 01:54:59.608179,Smartphone,Poker,0.0,359.66,348.82,BONUS20
P0183,2025-09-03 22:49:00,2025-09-03 23:25:04.469624,Smartphone,Roulette,74.87,260.28,233.62,
P0184,2025-09-02 14:25:00,2025-09-02 15:34:27.565986,Smartphone,Slot,0.0,54.54,61.8,FREESPINS
P0185,2025-09-05 02:25:00,2025-09-05 03:23:29.270713,Computer,Slot,0.0,305.88,238.16,WELCOME100
P0186,2025-09-01 21:56:00,2025-09-01 22:20:53.971575,Smartphone,Blackjack,247.42,301.29,306.18,WELCOME100
P0187,2025-09-08 09:47:00,2025-09-08 10:14:16.183341,Tablet,Slot,0.0,447.76,357.52,WELCOME100
P0188,2025-09-05 06:37:00,2025-09-05 06:54:16.581862,Computer,Poker,0.0,314.26,275.83,BONUS20
P0189,2025-09-04 01:46:00,2025-09-04 02:28:12.269292,Tablet,Slot,0.0,30.66,25.66,BONUS20
P0190,2025-09-02 14:41:00,2025-09-02 14:44:42.489878,Tablet,Roulette,0.0,417.36,469.62,WELCOME100
P0191,2025-09-04 10:10:00,2025-09-04 10:11:45.486646,Computer,Roulette,0.0,435.34,478.3,
P0192,2025-09-07 03:08:00,2025-09-07 03:37:22.185346,Computer,Slot,199.72,197.6,195.67,
P0193,2025-09-01 08:03:00,2025-09-01 08:43:15.313431,Smartphone,Blackjack,65.02,474.41,493.16,BONUS20
P0194,2025-09-08 03:00:00,2025-09-08 03:34:09.416445,Smartphone,Blackjack,30.4,20.34,21.57,WELCOME100
P0195,2025-09-04 12:39:00,2025-09-04 12:45:14.876342,Smartphone,Roulette,103.03,392.0,341.48,WELCOME100
P0196,2025-09-07 06:53:00,2025-09-07 07:52:01.749129,Tablet,Poker,205.51,91.26,82.59,FREESPINS
P0197,2025-09-04 18:57:00,2025-09-04 20:18:50.075475,Smartphone,Roulette,0.0,80.71,61.22,WELCOME100
P0198,2025-09-03 00:24:00,2025-09-03 00:41:17.999608,Computer,Roulette,102.21,111.24,117.28,BONUS20
P0199,2025-09-01 19:28:00,2025-09-01 19:55:44.143740,Smartphone,Slot,0.75,379.99,320.18,BONUS20
P0200,2025-09-04 12:21:00,2025-09-04 12:37:18.758650,Computer,Poker,10.11,103.31,78.87,FREESPINS
P0201,2025-09-08 09:23:00,2025-09-08 09:58:01.056376,Smartphone,Roulette,0.0,270.05,214.52,
P0202,2025-09-07 14:39:00,2025-09-07 15:12:56.863638,Smartphone,Slot,0.0,439.9,501.65,WELCOME100
P0203,2025-09-05 06:16:00,2025-09-05 06:41:59.092087,Smartphone,Blackjack,177.26,364.6,325.27,
P0204,2025-09-03 01:22:00,2025-09-03 01:52:28.575097,Tablet,Poker,0.0,115.92,99.51,BONUS20
P0205,2025-09-05 10:33:00,2025-09-05 11:05:57.872247,Computer,Slot,25.13,191.11,200.01,
P0206,2025-09-07 10:48:00,2025-09-07 12:06:31.355745,Computer,Blackjack,134.84,451.52,377.1,FREESPINS
P0207,2025-09-07 23:21:00,2025-09-07 23:52:33.111998,Smartphone,Roulette,50.49,211.9,158.92,WELCOME100
P0208,2025-09-01 08:00:00,2025-09-01 08:52:41.006764,Computer,Roulette,0.0,453.28,386.08,
P0209,2025-09-05 12:01:00,2025-09-05 12:14:51.987638,Smartphone,Slot,90.8,476.9,544.82,FREESPINS
P0210,2025-09-03 02:25:00,2025-09-03 02:48:13.862709,Smartphone,Roulette,0.0,192.02,176.91,
P0211,2025-09-06 12:47:00,2025-09-06 13:14:03.836158,Computer,Poker,0.0,313.58,298.64,
P0212,2025-09-01 02:34:00,2025-09-01 03:17:27.224287,Smartphone,Slot,102.64,365.08,303.24,FREESPINS
P0213,2025-09-06 16:26:00,2025-09-06 16:44:52.821207,Computer,Slot,5.44,196.2,220.77,
P0214,2025-09-07 08:06:00,2025-09-07 08:50:03.746370,Smartphone,Poker,184.93,256.27,252.12,WELCOME100
P0215,2025-09-07 21:32:00,2025-09-07 22:22:39.626517,Smartphone,Slot,98.82,253.64,243.65,WELCOME100
P0216,2025-09-05 02:27:00,2025-09-05 03:15:16.994991,Computer,Roulette,0.0,77.49,62.98,
P0217,2025-09-01 19:29:00,2025-09-01 19:59:27.130722,Smartphone,Roulette,98.75,295.08,262.0,WELCOME100
P0218,2025-09-01 00:06:00,2025-09-01 01:28:27.937106,Smartphone,Slot,59.68,140.85,108.92,WELCOME100
P0219,2025-09-07 11:32:00,2025-09-07 12:11:06.679922,Computer,Roulette,147.67,20.08,22.74,
P0220,2025-09-08 03:52:00,2025-09-08 04:27:29.882571,Smartphone,Poker,52.37,84.62,82.68,
P0221,2025-09-01 23:00:00,2025-09-01 23:44:49.310876,Tablet,Slot,87.78,203.66,210.86,WELCOME100
P0222,2025-09-01 12:38:00,2025-09-01 12:26:00.643905,Smartphone,Slot,0.0,390.27,304.28,
P0223,2025-09-06 19:10:00,2025-09-06 19:55:05.572779,Smartphone,Blackjack,261.28,367.46,376.53,
P0224,2025-09-05 22:50:00,2025-09-05 23:02:34.364320,Tablet,Roulette,0.0,283.87,242.87,WELCOME100
P0225,2025-09-02 00:45:00,2025-09-02 00:55:30.341358,Computer,Poker,32.87,397.88,321.09,
P0226,2025-09-06 13:57:00,2025-09-06 14:45:21.837153,Tablet,Roulette,41.07,229.04,191.84,
P0227,2025-09-03 00:10:00,2025-09-03 01:16:18.242915,Smartphone,Blackjack,0.0,279.11,212.91,WELCOME100
P0228,2025-09-02 21:00:00,2025-09-02 22:06:12.733377,Smartphone,Blackjack,76.85,26.23,26.64,
P0229,2025-09-02 15:28:00,2025-09-02 16:10:11.858547,Tablet,Slot,254.26,177.57,160.87,
P0230,2025-09-06 10:27:00,2025-09-06 11:15:38.780901,Computer,Slot,84.42,409.45,392.25,
P0231,2025-09-01 20:10:00,2025-09-01 20:56:06.906421,Tablet,Slot,0.0,423.35,432.98,FREESPINS
P0232,2025-09-07 01:35:00,2025-09-07 02:22:06.383515,Smartphone,Slot,0.0,396.66,428.51,FREESPINS
P0233,2025-09-05 14:38:00,2025-09-05 15:14:22.729241,Tablet,Poker,0.0,143.98,160.34,
P0234,2025-09-06 04:54:00,2025-09-06 05:14:58.204988,Smartphone,Roulette,130.04,383.04,419.76,
P0235,2025-09-01 05:27:00,2025-09-01 06:17:25.392638,Smartphone,Slot,14.31,344.7,358.56,WELCOME100
P0236,2025-09-05 10:32:00,2025-09-05 11:13:59.636784,Smartphone,Roulette,133.35,50.21,46.8,WELCOME100
P0237,2025-09-02 19:36:00,2025-09-02 20:17:13.444159,Tablet,Blackjack,0.0,177.65,148.76,
P0238,2025-09-06 01:51:00,2025-09-06 02:44:20.920897,Tablet,Roulette,0.0,398.73,454.85,BONUS20
P0239,2025-09-07 00:09:00,2025-09-07 01:32:33.516359,Smartphone,Poker,75.04,120.78,95.51,
P0240,2025-09-04 03:05:00,2025-09-04 03:03:07.384833,Computer,Slot,41.84,403.43,437.86,BONUS20
P0241,2025-09-08 00:06:00,2025-09-08 01:00:55.563158,Smartphone,Roulette,143.89,295.26,226.33,BONUS20
P0242,2025-09-06 03:13:00,2025-09-06 03:51:10.242775,Tablet,Roulette,0.0,252.75,244.02,
P0243,2025-09-04 11:28:00,2025-09-04 12:05:17.084373,Computer,Slot,0.0,104.15,110.92,
P0244,2025-09-02 04:25:00,2025-09-02 05:04:20.655439,Computer,Roulette,0.0,53.6,45.78,
P0245,2025-09-05 11:54:00,2025-09-05 12:44:48.897347,Tablet,Slot,0.0,58.01,52.82,WELCOME100
P0246,2025-09-06 17:56:00,2025-09-06 18:34:32.087661,Computer,Slot,87.87,153.35,121.4,
P0247,2025-09-04 07:59:00,2025-09-04 08:11:18.986626,Smartphone,Slot,73.73,71.82,65.1,WELCOME100
P0248,2025-09-05 16:17:00,2025-09-05 16:25:32.616136,Smartphone,Slot,31.38,480.62,411.53,
P0249,2025-09-04 17:33:00,2025-09-04 17:52:17.888814,Tablet,Roulette,0.0,160.15,143.9,
P0250,2025-09-06 20:22:00,2025-09-06 20:44:04.739153,Smartphone,Slot,114.69,104.85,114.26,
P0251,2025-09-07 13:36:00,2025-09-07 13:35:46.879314,Computer,Roulette,0.0,421.59,336.38,BONUS20
P0252,2025-09-02 23:13:00,2025-09-02 23:48:56.903123,Tablet,Blackjack,125.68,103.68,113.82,WELCOME100
P0253,2025-09-08 13:12:00,2025-09-08 14:13:54.547030,Smartphone,Roulette,0.0,162.54,172.34,
P0254,2025-09-04 11:10:00,2025-09-04 12:12:32.379903,Tablet,Blackjack,0.0,49.09,44.45,
P0255,2025-09-04 19:05:00,2025-09-04 20:13:47.708985,Smartphone,Roulette,0.0,158.17,163.92,
P0256,2025-09-01 03:30:00,2025-09-01 04:21:48.675537,Computer,Roulette,28.11,281.91,279.85,
P0257,2025-09-03 16:03:00,2025-09-03 16:07:23.163218,Tablet,Roulette,159.66,259.36,202.35,WELCOME100
P0258,2025-09-04 11:26:00,2025-09-04 12:24:52.100801,Computer,Slot,69.98,208.34,216.63,
P0259,2025-09-06 17:19:00,2025-09-06 18:01:43.832816,Smartphone,Roulette,0.0,198.8,170.55,WELCOME100
P0260,2025-09-04 15:58:00,2025-09-04 16:10:34.395121,Smartphone,Slot,0.0,96.36,108.52,WELCOME100
P0261,2025-09-03 17:55:00,2025-09-03 18:32:15.097167,Smartphone,Roulette,0.0,488.89,560.94,
P0262,2025-09-04 09:16:00,2025-09-04 10:10:15.984653,Computer,Roulette,85.28,252.49,213.07,
P0263,2025-09-08 15:35:00,2025-09-08 15:35:29.191087,Smartphone,Blackjack,39.56,400.78,357.41,WELCOME100
P0264,2025-09-05 07:37:00,2025-09-05 08:18:13.062821,Tablet,Roulette,30.21,233.12,189.29,
P0265,2025-09-06 11:50:00,2025-09-06 12:40:22.055881,Smartphone,Slot,0.46,80.22,89.67,WELCOME100
P0266,2025-09-05 20:43:00,2025-09-05 21:06:59.550015,Computer,Poker,0.0,186.16,148.03,
P0267,2025-09-02 11:26:00,2025-09-02 12:22:32.678322,Tablet,Blackjack,0.0,499.6,427.77,WELCOME100
P0268,2025-09-08 13:29:00,2025-09-08 13:53:24.745020,Tablet,Slot,76.77,77.87,76.15,
P0269,2025-09-08 02:17:00,2025-09-08 03:11:50.576929,Smartphone,Poker,84.88,303.18,303.98,WELCOME100
P0270,2025-09-07 04:21:00,2025-09-07 05:03:56.152569,Smartphone,Slot,11.07,291.33,274.15,WELCOME100
P0271,2025-09-06 16:41:00,2025-09-06 17:18:24.163667,Computer,Poker,45.94,163.74,182.73,BONUS20
P0272,2025-09-07 20:02:00,2025-09-07 21:08:05.123279,Computer,Slot,9.72,31.5,30.27,
P0273,2025-09-06 23:59:00,2025-09-07 00:34:48.363604,Tablet,Poker,139.98,52.5,52.6,
P0274,2025-09-08 16:19:00,2025-09-08 16:57:26.410632,Smartphone,Slot,23.31,425.08,429.63,WELCOME100
P0275,2025-09-02 12:25:00,2025-09-02 13:07:10.270948,Computer,Poker,311.79,409.3,436.82,WELCOME100
P0276,2025-09-06 09:31:00,2025-09-06 09:58:45.987928,Computer,Roulette,97.81,231.52,234.07,BONUS20
P0277,2025-09-04 21:43:00,2025-09-04 23:00:09.456894,Tablet,Slot,0.0,209.67,203.34,
P0278,2025-09-08 07:04:00,2025-09-08 08:02:03.693475,Smartphone,Slot,150.04,419.35,443.62,
P0279,2025-09-05 14:51:00,2025-09-05 15:32:22.581756,Computer,Poker,85.86,467.31,356.19,FREESPINS
P0280,2025-09-06 03:17:00,2025-09-06 03:28:09.964773,Smartphone,Slot,74.4,301.28,296.01,WELCOME100
P0281,2025-09-08 03:45:00,2025-09-08 05:05:00.686202,Tablet,Poker,24.39,322.74,343.6,
P0282,2025-09-01 16:14:00,2025-09-01 16:56:27.887799,Smartphone,Slot,263.19,269.93,231.32,WELCOME100
P0283,2025-09-07 20:49:00,2025-09-07 21:14:02.350419,Computer,Roulette,246.08,450.66,353.77,FREESPINS
P0284,2025-09-05 08:19:00,2025-09-05 09:32:34.300470,Smartphone,Slot,2.63,156.27,151.15,BONUS20
P0285,2025-09-06 08:25:00,2025-09-06 09:04:24.163071,Computer,Slot,158.78,310.17,313.49,
P0286,2025-09-04 22:27:00,2025-09-04 22:34:05.619506,Smartphone,Slot,0.0,64.09,60.63,BONUS20
P0287,2025-09-06 19:15:00,2025-09-06 20:08:25.225347,Computer,Poker,275.74,471.03,398.52,
P0288,2025-09-06 10:54:00,2025-09-06 11:37:42.935606,Smartphone,Slot,11.33,59.98,59.01,
P0289,2025-09-05 10:24:00,2025-09-05 10:58:23.913006,Smartphone,Slot,0.0,388.58,324.48,
P0290,2025-09-06 05:53:00,2025-09-06 06:36:30.378368,Smartphone,Slot,56.74,345.69,261.88,BONUS20
P0291,2025-09-01 13:29:00,2025-09-01 13:57:07.397421,Smartphone,Slot,0.0,457.95,462.8,
P0292,2025-09-04 08:06:00,2025-09-04 09:05:17.512613,Computer,Roulette,0.0,206.52,204.71,WELCOME100
P0293,2025-09-05 05:50:00,2025-09-05 06:43:15.798537,Computer,Roulette,0.0,156.11,137.06,
P0294,2025-09-06 17:33:00,2025-09-06 18:16:03.574972,Computer,Slot,39.59,298.53,276.04,WELCOME100
P0295,2025-09-04 03:45:00,2025-09-04 04:56:12.925984,Smartphone,Roulette,131.08,186.22,193.72,BONUS20
P0296,2025-09-08 17:13:00,2025-09-08 17:33:26.189309,Smartphone,Blackjack,0.0,450.05,486.33,
P0297,2025-09-07 07:37:00,2025-09-07 07:58:20.270556,Smartphone,Roulette,0.0,177.24,196.61,
P0298,2025-09-02 15:42:00,2025-09-02 16:10:03.646273,Computer,Poker,59.94,323.27,325.35,WELCOME100
P0299,2025-09-06 00:31:00,2025-09-06 01:40:30.224208,Smartphone,Blackjack,202.19,149.3,167.67,FREESPINS
P0300,2025-09-08 04:31:00,2025-09-08 05:02:40.937047,Computer,Slot,0.0,428.49,415.14,
P0301,2025-09-07 12:30:00,2025-09-07 13:22:11.750614,Smartphone,Slot,210.25,427.6,472.34,BONUS20
P0302,2025-09-02 06:33:00,2025-09-02 06:49:19.687403,Smartphone,Slot,83.35,181.03,208.16,
P0303,2025-09-05 21:26:00,2025-09-05 21:50:27.834420,Tablet,Roulette,0.0,51.46,40.64,FREESPINS
P0304,2025-09-03 12:27:00,2025-09-03 13:09:13.013068,Smartphone,Roulette,0.0,210.41,207.85,
P0305,2025-09-03 13:35:00,2025-09-03 13:51:10.699201,Computer,Roulette,136.41,141.69,156.29,
P0306,2025-09-08 20:15:00,2025-09-08 21:20:07.612345,Computer,Slot,130.72,136.4,143.5,FREESPINS
P0307,2025-09-07 03:32:00,2025-09-07 04:09:38.293305,Smartphone,Roulette,0.0,169.13,185.67,
P0308,2025-09-03 02:32:00,2025-09-03 03:39:15.402487,Computer,Slot,0.0,307.5,234.72,
P0309,2025-09-03 07:52:00,2025-09-03 08:37:16.820358,Smartphone,Slot,116.02,84.32,68.51,WELCOME100
P0310,2025-09-05 00:43:00,2025-09-05 01:37:21.727120,Smartphone,Blackjack,0.0,301.52,292.13,WELCOME100
P0311,2025-09-02 14:15:00,2025-09-02 14:47:33.266990,Tablet,Poker,27.1,324.62,275.3,
P0312,2025-09-02 23:57:00,2025-09-03 00:34:26.287542,Tablet,Poker,289.89,148.14,134.99,
P0313,2025-09-07 15:16:00,2025-09-07 15:40:19.770684,Smartphone,Poker,0.0,31.06,28.9,WELCOME100
P0314,2025-09-03 00:58:00,2025-09-03 01:28:57.179837,Computer,Blackjack,30.13,181.07,177.05,BONUS20
P0315,2025-09-06 18:23:00,2025-09-06 18:43:26.607198,Computer,Slot,0.0,446.11,357.7,
P0316,2025-09-07 15:43:00,2025-09-07 16:23:20.267195,Computer,Roulette,28.93,278.6,274.07,WELCOME100
P0317,2025-09-01 05:19:00,2025-09-01 06:32:11.255607,Smartphone,Roulette,24.35,207.0,223.47,
P0318,2025-09-05 13:35:00,2025-09-05 14:36:29.050519,Smartphone,Poker,105.17,56.43,60.95,
P0319,2025-09-02 22:46:00,2025-09-02 23:19:05.330371,Computer,Slot,8.09,169.27,188.49,BONUS20
P0320,2025-09-01 21:06:00,2025-09-01 21:26:17.721333,Tablet,Slot,218.74,357.57,294.77,
P0321,2025-09-08 16:15:00,2025-09-08 16:39:07.998657,Smartphone,Slot,0.0,28.1,31.96,WELCOME100
P0322,2025-09-07 04:18:00,2025-09-07 04:55:01.099778,Computer,Roulette,313.2,338.47,293.08,BONUS20
P0323,2025-09-08 09:28:00,2025-09-08 09:35:14.732412,Tablet,Blackjack,0.0,20.45,17.76,
P0324,2025-09-01 04:29:00,2025-09-01 05:16:34.255188,Smartphone,Poker,13.86,348.6,304.21,WELCOME100
P0325,2025-09-06 12:06:00,2025-09-06 13:13:22.522510,Tablet,Slot,31.69,25.21,22.1,
P0326,2025-09-07 18:15:00,2025-09-07 19:05:09.987045,Smartphone,Roulette,32.08,114.27,127.54,
P0327,2025-09-01 12:53:00,2025-09-01 13:28:38.585801,Smartphone,Poker,0.0,378.31,305.01,FREESPINS
P0328,2025-09-02 19:58:00,2025-09-02 20:57:04.009504,Smartphone,Roulette,37.25,59.99,49.59,BONUS20
P0329,2025-09-05 03:39:00,2025-09-05 04:24:27.370048,Smartphone,Poker,171.35,30.83,34.35,BONUS20
P0330,2025-09-01 11:20:00,2025-09-01 12:04:43.703828,Tablet,Roulette,495.9,10.93,8.69,BONUS20
P0331,2025-09-03 20:58:00,2025-09-03 22:08:37.587474,Tablet,Slot,0.0,239.87,182.81,FREESPINS
P0332,2025-09-04 22:00:00,2025-09-04 22:37:54.483653,Smartphone,Roulette,0.0,96.37,106.92,WELCOME100
P0333,2025-09-06 07:22:00,2025-09-06 07:41:42.109123,Tablet,Roulette,0.0,379.07,393.73,BONUS20
P0334,2025-09-01 05:27:00,2025-09-01 05:47:18.157282,Computer,Roulette,0.0,208.77,188.27,
P0335,2025-09-02 05:03:00,2025-09-02 05:24:51.772077,Computer,Blackjack,0.0,32.81,30.0,FREESPINS
P0336,2025-09-07 18:01:00,2025-09-07 18:28:22.197067,Computer,Slot,223.54,267.79,201.66,BONUS20
P0337,2025-09-01 12:49:00,2025-09-01 13:36:54.015839,Tablet,Slot,0.0,265.53,233.76,WELCOME100
P0338,2025-09-02 05:28:00,2025-09-02 06:14:13.620671,Computer,Roulette,111.1,57.42,52.0,
P0339,2025-09-01 09:38:00,2025-09-01 10:26:29.061449,Smartphone,Slot,0.0,345.11,266.56,
P0340,2025-09-01 08:45:00,2025-09-01 09:05:31.167844,Tablet,Roulette,51.95,39.8,31.43,WELCOME100
P0341,2025-09-01 16:36:00,2025-09-01 17:30:03.243950,Smartphone,Roulette,55.72,238.97,219.7,BONUS20
P0342,2025-09-01 13:47:00,2025-09-01 14:27:05.234137,Smartphone,Roulette,0.0,231.99,184.97,
P0343,2025-09-08 05:06:00,2025-09-08 05:23:20.255929,Computer,Slot,0.0,253.0,236.53,
P0344,2025-09-08 17:35:00,2025-09-08 18:03:41.068720,Computer,Roulette,30.35,366.48,285.31,WELCOME100
P0345,2025-09-02 15:26:00,2025-09-02 15:41:05.050441,Tablet,Poker,60.06,254.59,195.54,FREESPINS
P0346,2025-09-02 02:07:00,2025-09-02 03:06:56.139712,Smartphone,Slot,0.0,236.07,260.16,WELCOME100
P0347,2025-09-08 05:19:00,2025-09-08 05:50:26.995482,Smartphone,Slot,0.0,459.57,508.86,WELCOME100
P0348,2025-09-05 06:56:00,2025-09-05 07:45:07.458102,Tablet,Poker,0.0,206.64,174.76,BONUS20
P0349,2025-09-07 17:55:00,2025-09-07 17:44:22.677717,Smartphone,Slot,0.0,50.41,38.22,WELCOME100
P0350,2025-09-06 13:55:00,2025-09-06 15:00:26.085224,Smartphone,Slot,107.57,153.07,171.32,WELCOME100
P0351,2025-09-04 11:16:00,2025-09-04 12:32:22.802807,Smartphone,Roulette,51.38,329.73,370.78,WELCOME100
P0352,2025-09-03 14:32:00,2025-09-03 14:58:21.122720,Smartphone,Blackjack,0.0,432.72,333.49,BONUS20
P0353,2025-09-08 21:13:00,2025-09-08 21:26:04.816901,Smartphone,Poker,0.0,412.44,431.95,
P0354,2025-09-08 21:22:00,2025-09-08 21:57:22.645707,Tablet,Blackjack,0.0,464.64,504.36,WELCOME100
P0355,2025-09-01 09:40:00,2025-09-01 10:32:02.116208,Smartphone,Slot,60.26,79.25,61.66,WELCOME100
P0356,2025-09-01 17:17:00,2025-09-01 18:12:24.618995,Computer,Poker,20.66,126.63,99.25,
P0357,2025-09-07 10:31:00,2025-09-07 11:36:31.752496,Computer,Roulette,111.59,135.17,153.95,WELCOME100
P0358,2025-09-02 23:46:00,2025-09-03 00:59:29.918535,Computer,Blackjack,0.0,166.64,158.85,BONUS20
P0359,2025-09-01 14:05:00,2025-09-01 14:56:50.187104,Computer,Poker,0.57,114.91,109.78,BONUS20
P0360,2025-09-02 21:27:00,2025-09-02 21:56:23.044212,Computer,Blackjack,114.59,370.67,308.29,
P0361,2025-09-07 13:31:00,2025-09-07 13:34:27.798467,Smartphone,Roulette,0.0,110.35,95.08,WELCOME100
P0362,2025-09-07 11:11:00,2025-09-07 11:49:52.496083,Computer,Slot,0.0,281.57,231.28,
P0363,2025-09-08 06:15:00,2025-09-08 06:57:57.216423,Smartphone,Slot,0.0,113.06,111.76,BONUS20
P0364,2025-09-02 00:23:00,2025-09-02 01:18:47.985256,Computer,Slot,65.68,313.58,302.07,WELCOME100
P0365,2025-09-04 02:31:00,2025-09-04 03:16:18.956181,Smartphone,Roulette,0.0,372.08,339.95,WELCOME100
P0366,2025-09-06 07:33:00,2025-09-06 08:05:28.902319,Tablet,Slot,0.0,313.29,341.95,FREESPINS
P0367,2025-09-01 02:47:00,2025-09-01 03:45:55.254044,Smartphone,Slot,0.0,228.11,228.1,FREESPINS
P0368,2025-09-08 12:23:00,2025-09-08 12:38:34.623507,Tablet,Poker,100.07,308.24,268.78,
P0369,2025-09-06 22:54:00,2025-09-06 23:35:34.747891,Computer,Slot,80.87,221.55,192.36,WELCOME100
P0370,2025-09-02 01:36:00,2025-09-02 02:09:14.645243,Computer,Roulette,0.0,65.24,59.32,
P0371,2025-09-01 15:49:00,2025-09-01 16:29:43.877569,Smartphone,Poker,142.71,442.25,505.37,BONUS20
P0372,2025-09-05 05:22:00,2025-09-05 05:44:22.802930,Computer,Slot,0.0,470.52,420.65,
P0373,2025-09-08 03:25:00,2025-09-08 04:15:49.051042,Computer,Slot,119.37,178.17,168.95,BONUS20
P0374,2025-09-01 07:28:00,2025-09-01 08:02:32.866111,Tablet,Blackjack,0.0,416.19,401.4,WELCOME100
P0375,2025-09-01 01:51:00,2025-09-01 02:13:47.371229,Computer,Slot,0.0,18.68,17.92,BONUS20
P0376,2025-09-05 17:29:00,2025-09-05 17:54:57.380895,Tablet,Slot,0.0,128.15,100.27,FREESPINS
P0377,2025-09-02 07:09:00,2025-09-02 07:29:57.560662,Smartphone,Slot,0.0,212.86,240.03,
P0378,2025-09-04 18:44:00,2025-09-04 19:31:54.213839,Smartphone,Slot,14.93,201.78,202.09,WELCOME100
P0379,2025-09-08 00:11:00,2025-09-08 00:42:07.243654,Computer,Poker,14.19,373.28,420.8,
P0380,2025-09-02 20:28:00,2025-09-02 20:49:05.117897,Computer,Slot,141.82,487.15,499.42,
P0381,2025-09-02 10:51:00,2025-09-02 11:52:33.358492,Tablet,Poker,14.28,43.32,33.61,BONUS20
P0382,2025-09-05 15:50:00,2025-09-05 16:06:40.112198,Smartphone,Roulette,0.0,491.64,509.48,WELCOME100
P0383,2025-09-01 04:13:00,2025-09-01 04:29:15.223680,Smartphone,Slot,64.13,264.87,239.64,FREESPINS
P0384,2025-09-04 23:44:00,2025-09-05 00:28:26.749933,Smartphone,Poker,0.0,363.33,369.11,
P0385,2025-09-03 04:56:00,2025-09-03 06:26:01.228937,Smartphone,Blackjack,89.56,304.24,302.27,BONUS20
P0386,2025-09-06 23:20:00,2025-09-06 23:25:05.052176,Smartphone,Slot,100.37,299.52,273.81,BONUS20
P0387,2025-09-08 16:19:00,2025-09-08 16:40:38.746549,Smartphone,Slot,50.41,265.04,285.75,FREESPINS
P0388,2025-09-06 13:54:00,2025-09-06 14:51:30.783106,Tablet,Poker,97.86,81.52,67.39,BONUS20
P0389,2025-09-03 04:23:00,2025-09-03 05:19:23.774190,Tablet,Blackjack,15.07,480.18,521.99,
P0390,2025-09-03 21:22:00,2025-09-03 22:05:28.176435,Tablet,Poker,58.99,105.56,110.75,BONUS20
P0391,2025-09-03 08:13:00,2025-09-03 08:20:12.906977,Smartphone,Roulette,0.0,460.25,406.65,WELCOME100
P0392,2025-09-04 23:37:00,2025-09-04 23:54:02.567196,Computer,Blackjack,9.22,88.02,74.18,FREESPINS
P0393,2025-09-06 20:46:00,2025-09-06 21:08:19.583410,Smartphone,Poker,0.0,322.49,352.66,
P0394,2025-09-08 20:30:00,2025-09-08 21:10:53.620075,Smartphone,Roulette,121.78,241.8,277.39,WELCOME100
P0395,2025-09-05 00:58:00,2025-09-05 01:44:08.730848,Smartphone,Blackjack,74.43,191.24,176.28,
P0396,2025-09-03 13:49:00,2025-09-03 14:30:50.063178,Computer,Slot,0.0,86.8,78.7,WELCOME100
P0397,2025-09-05 04:22:00,2025-09-05 05:07:47.442186,Computer,Slot,0.0,487.81,439.93,
P0398,2025-09-01 14:04:00,2025-09-01 14:35:09.165721,Smartphone,Poker,27.02,97.37,75.09,
P0399,2025-09-07 22:09:00,2025-09-07 22:51:32.213871,Tablet,Roulette,0.0,195.89,216.46,
P0400,2025-09-02 03:39:00,2025-09-02 04:27:04.235755,Tablet,Roulette,113.04,334.36,331.78,BONUS20
P0401,2025-09-01 13:03:00,2025-09-01 13:33:43.508616,Smartphone,Slot,0.0,231.33,205.15,WELCOME100
P0402,2025-09-01 02:12:00,2025-09-01 03:07:08.796415,Computer,Poker,0.0,16.5,13.18,
P0403,2025-09-08 14:28:00,2025-09-08 15:10:46.267190,Computer,Blackjack,282.78,220.6,222.03,
P0404,2025-09-04 11:17:00,2025-09-04 11:46:21.712172,Computer,Blackjack,0.0,365.32,396.95,BONUS20
P0405,2025-09-07 08:48:00,2025-09-07 09:19:35.566972,Computer,Roulette,110.11,180.23,146.37,
P0406,2025-09-08 11:59:00,2025-09-08 12:40:24.618006,Smartphone,Roulette,0.0,431.79,393.63,
P0407,2025-09-03 20:34:00,2025-09-03 20:48:26.746069,Smartphone,Roulette,25.95,20.9,23.39,
P0408,2025-09-05 20:41:00,2025-09-05 21:36:45.571043,Computer,Slot,0.0,63.93,72.02,
P0409,2025-09-05 00:20:00,2025-09-05 00:48:20.408765,Smartphone,Slot,0.0,471.33,366.34,BONUS20
P0410,2025-09-04 02:37:00,2025-09-04 03:10:04.009996,Computer,Poker,121.22,261.95,210.44,WELCOME100
P0411,2025-09-02 07:07:00,2025-09-02 07:48:47.243265,Computer,Slot,83.42,181.46,192.42,
P0412,2025-09-03 06:38:00,2025-09-03 07:04:40.830956,Computer,Slot,72.92,445.21,490.74,WELCOME100
P0413,2025-09-08 07:14:00,2025-09-08 07:46:29.403078,Computer,Blackjack,125.31,242.23,260.41,
P0414,2025-09-08 13:09:00,2025-09-08 14:26:56.021908,Smartphone,Roulette,11.15,449.78,422.55,FREESPINS
P0415,2025-09-04 17:07:00,2025-09-04 17:48:41.815541,Computer,Slot,0.0,393.92,391.81,
P0416,2025-09-03 08:41:00,2025-09-03 09:15:09.851897,Computer,Slot,132.67,229.55,194.76,
P0417,2025-09-01 18:22:00,2025-09-01 19:06:39.354680,Tablet,Roulette,0.0,89.72,101.82,BONUS20
P0418,2025-09-07 05:29:00,2025-09-07 05:55:24.120427,Tablet,Roulette,330.89,66.15,61.87,WELCOME100
P0419,2025-09-05 13:00:00,2025-09-05 13:02:27.422047,Computer,Slot,0.0,374.81,418.47,WELCOME100
P0420,2025-09-04 03:48:00,2025-09-04 04:34:09.669634,Computer,Roulette,0.0,96.44,107.01,
P0421,2025-09-08 04:34:00,2025-09-08 05:56:32.048396,Computer,Slot,9.87,271.26,226.59,
P0422,2025-09-05 18:22:00,2025-09-05 19:20:08.683761,Computer,Roulette,120.83,155.9,119.96,
P0423,2025-09-04 10:34:00,2025-09-04 11:04:37.390016,Smartphone,Slot,96.6,256.81,202.28,
P0424,2025-09-05 20:06:00,2025-09-05 20:51:10.851557,Smartphone,Poker,119.92,131.95,123.35,WELCOME100
P0425,2025-09-02 20:29:00,2025-09-02 21:30:49.716868,Smartphone,Slot,121.89,357.69,361.38,
P0426,2025-09-07 06:43:00,2025-09-07 07:37:42.291843,Tablet,Poker,102.8,117.09,95.6,WELCOME100
P0427,2025-09-04 14:25:00,2025-09-04 15:23:34.274456,Computer,Roulette,0.0,411.13,445.06,BONUS20
P0428,2025-09-03 09:05:00,2025-09-03 09:47:45.378547,Smartphone,Roulette,0.0,14.44,16.43,WELCOME100
P0429,2025-09-04 15:24:00,2025-09-04 15:56:28.222866,Smartphone,Blackjack,37.76,195.69,186.11,WELCOME100
P0430,2025-09-05 03:11:00,2025-09-05 04:00:23.464082,Smartphone,Slot,0.0,412.29,362.52,WELCOME100
P0431,2025-09-01 01:22:00,2025-09-01 02:34:37.569035,Smartphone,Slot,210.79,279.64,235.09,FREESPINS
P0432,2025-09-04 15:20:00,2025-09-04 16:09:04.910791,Tablet,Slot,87.65,141.76,150.64,
P0433,2025-09-01 00:46:00,2025-09-01 01:32:51.227861,Tablet,Roulette,11.14,32.73,32.6,WELCOME100
P0434,2025-09-07 19:42:00,2025-09-07 21:06:25.856972,Tablet,Slot,0.0,108.42,100.69,WELCOME100
P0435,2025-09-07 06:30:00,2025-09-07 06:51:58.735810,Smartphone,Poker,329.16,305.79,306.12,WELCOME100
P0436,2025-09-05 19:02:00,2025-09-05 19:25:28.001848,Smartphone,Roulette,0.0,131.02,114.33,
P0437,2025-09-02 02:31:00,2025-09-02 03:30:57.300149,Computer,Slot,0.0,468.96,486.48,
P0438,2025-09-04 13:07:00,2025-09-04 13:27:57.394298,Tablet,Poker,0.0,325.32,335.88,WELCOME100
P0439,2025-09-02 13:42:00,2025-09-02 14:07:08.855650,Tablet,Slot,0.0,40.5,35.63,
P0440,2025-09-03 16:30:00,2025-09-03 16:51:50.135817,Computer,Roulette,53.8,108.69,82.89,FREESPINS
P0441,2025-09-08 15:52:00,2025-09-08 17:12:32.644913,Computer,Slot,0.0,143.31,161.86,FREESPINS
P0442,2025-09-03 03:26:00,2025-09-03 04:21:20.983910,Smartphone,Roulette,141.82,59.04,60.52,WELCOME100
P0443,2025-09-03 22:48:00,2025-09-03 23:29:28.216593,Smartphone,Slot,0.0,248.28,267.18,FREESPINS
P0444,2025-09-01 02:03:00,2025-09-01 02:12:49.485197,Computer,Slot,48.8,93.4,102.18,FREESPINS
P0445,2025-09-07 06:30:00,2025-09-07 07:31:23.968862,Computer,Roulette,0.0,409.43,309.14,FREESPINS
P0446,2025-09-01 07:38:00,2025-09-01 08:50:00.830040,Tablet,Blackjack,0.0,192.09,199.38,WELCOME100
P0447,2025-09-08 23:27:00,2025-09-09 00:32:32.399308,Computer,Slot,55.91,397.05,438.37,
P0448,2025-09-03 23:32:00,2025-09-04 00:04:34.761018,Smartphone,Roulette,233.71,244.27,235.29,
P0449,2025-09-04 10:55:00,2025-09-04 11:26:29.027847,Smartphone,Slot,54.18,424.47,417.07,
P0450,2025-09-04 16:32:00,2025-09-04 16:57:58.729458,Computer,Roulette,0.0,206.88,220.36,
P0451,2025-09-06 22:56:00,2025-09-06 23:27:08.727574,Tablet,Roulette,79.15,261.88,216.62,
P0452,2025-09-06 15:06:00,2025-09-06 15:50:20.828806,Smartphone,Blackjack,174.19,125.55,118.83,
P0453,2025-09-05 23:52:00,2025-09-06 01:13:15.653047,Tablet,Slot,7.74,184.23,210.33,BONUS20
P0454,2025-09-02 16:32:00,2025-09-02 17:08:03.278921,Computer,Slot,72.41,179.22,140.92,WELCOME100
P0455,2025-09-08 17:50:00,2025-09-08 18:32:08.065585,Computer,Slot,0.0,150.37,122.18,
P0456,2025-09-04 21:32:00,2025-09-04 21:42:00.588998,Computer,Poker,0.0,370.67,367.72,
P0457,2025-09-03 12:45:00,2025-09-03 13:16:02.619933,Smartphone,Blackjack,36.95,138.85,115.5,
P0458,2025-09-07 21:00:00,2025-09-07 22:00:27.077634,Computer,Slot,63.1,491.0,435.27,
P0459,2025-09-01 05:02:00,2025-09-01 05:39:37.157092,Tablet,Roulette,0.0,481.99,428.88,
P0460,2025-09-02 06:11:00,2025-09-02 06:44:06.692107,Computer,Roulette,0.0,176.47,151.51,
P0461,2025-09-08 03:04:00,2025-09-08 03:24:55.850451,Tablet,Slot,0.0,278.05,301.52,FREESPINS
P0462,2025-09-04 06:53:00,2025-09-04 07:24:06.107204,Computer,Poker,0.0,376.68,325.63,FREESPINS
P0463,2025-09-03 06:38:00,2025-09-03 07:33:00.242828,Computer,Slot,127.74,189.87,163.23,BONUS20
P0464,2025-09-01 13:15:00,2025-09-01 14:31:45.255574,Smartphone,Roulette,23.09,229.81,190.28,BONUS20
P0465,2025-09-07 17:23:00,2025-09-07 18:35:04.643817,Computer,Poker,0.0,399.21,417.64,WELCOME100
P0466,2025-09-08 08:35:00,2025-09-08 09:17:03.498712,Tablet,Slot,19.58,49.04,47.19,BONUS20
P0467,2025-09-01 05:02:00,2025-09-01 05:49:27.540394,Smartphone,Slot,0.0,137.16,149.32,
P0468,2025-09-03 14:35:00,2025-09-03 15:23:36.572492,Computer,Roulette,232.43,40.73,31.85,FREESPINS
P0469,2025-09-07 12:29:00,2025-09-07 12:52:42.316867,Smartphone,Poker,31.54,410.95,366.23,BONUS20
P0470,2025-09-01 22:39:00,2025-09-01 23:25:11.657128,Computer,Slot,141.19,90.18,82.37,
P0471,2025-09-04 20:05:00,2025-09-04 20:49:34.323584,Computer,Slot,0.0,465.45,380.3,BONUS20
P0472,2025-09-01 22:15:00,2025-09-01 22:43:21.053573,Smartphone,Slot,13.6,428.59,407.44,
P0473,2025-09-02 02:42:00,2025-09-02 04:04:59.970140,Smartphone,Blackjack,9.34,285.74,217.51,
P0474,2025-09-01 20:29:00,2025-09-01 21:17:07.556644,Smartphone,Slot,53.97,143.28,157.57,FREESPINS
P0475,2025-09-06 00:14:00,2025-09-06 00:48:36.712461,Computer,Roulette,39.2,107.77,107.21,FREESPINS
P0476,2025-09-05 17:23:00,2025-09-05 17:33:36.283993,Computer,Slot,0.0,171.7,196.48,BONUS20
P0477,2025-09-07 18:18:00,2025-09-07 18:38:52.864892,Computer,Slot,0.0,480.53,424.39,
P0478,2025-09-07 08:29:00,2025-09-07 09:23:30.483875,Tablet,Poker,0.0,130.4,135.05,BONUS20
P0479,2025-09-01 14:51:00,2025-09-01 15:31:43.875275,Computer,Roulette,0.0,132.86,135.99,
P0480,2025-09-04 20:12:00,2025-09-04 21:09:59.101870,Tablet,Roulette,126.04,187.16,153.91,WELCOME100
P0481,2025-09-04 18:11:00,2025-09-04 19:20:46.242785,Computer,Slot,338.86,365.79,340.83,
P0482,2025-09-07 02:21:00,2025-09-07 03:11:21.715713,Computer,Blackjack,39.72,195.72,223.3,
P0483,2025-09-02 23:31:00,2025-09-03 00:13:38.664179,Computer,Blackjack,174.61,368.5,411.78,
P0484,2025-09-02 08:25:00,2025-09-02 08:30:50.005298,Computer,Roulette,28.87,12.24,12.42,
P0485,2025-09-08 05:18:00,2025-09-08 06:19:08.070410,Smartphone,Roulette,95.16,447.16,371.89,WELCOME100
P0486,2025-09-06 17:21:00,2025-09-06 17:39:26.537653,Computer,Slot,274.88,42.26,43.74,
P0487,2025-09-03 20:05:00,2025-09-03 20:34:59.680461,Smartphone,Poker,251.01,485.06,483.32,FREESPINS
P0488,2025-09-04 15:14:00,2025-09-04 15:31:31.340264,Smartphone,Roulette,0.0,489.42,490.02,
P0489,2025-09-02 14:54:00,2025-09-02 15:49:23.871156,Smartphone,Slot,126.44,200.98,177.22,BONUS20
P0490,2025-09-02 18:16:00,2025-09-02 19:04:53.206151,Computer,Poker,0.0,91.15,78.89,
P0491,2025-09-08 04:42:00,2025-09-08 05:48:10.200041,Computer,Slot,0.0,222.18,205.51,WELCOME100
P0492,2025-09-03 03:56:00,2025-09-03 04:04:30.309009,Computer,Slot,35.96,305.68,232.04,BONUS20
P0493,2025-09-03 23:03:00,2025-09-04 00:08:02.140151,Smartphone,Poker,72.27,397.78,313.68,BONUS20
P0494,2025-09-08 01:26:00,2025-09-08 02:10:39.512093,Smartphone,Blackjack,56.83,50.37,56.94,
P0495,2025-09-01 23:38:00,2025-09-02 01:02:26.240827,Computer,Slot,0.0,453.31,379.28,
P0496,2025-09-08 15:22:00,2025-09-08 15:48:49.025346,Computer,Roulette,0.0,207.17,206.19,
P0497,2025-09-06 20:21:00,2025-09-06 21:13:41.657919,Smartphone,Slot,27.32,100.56,77.9,
P0498,2025-09-04 14:22:00,2025-09-04 14:42:02.627185,Computer,Slot,28.68,395.39,411.72,
P0499,2025-09-03 19:33:00,2025-09-03 20:25:40.032879,Tablet,Blackjack,0.0,374.44,354.2,WELCOME100
